Date,Temp_max,Temp_avg,Temp_min,Dew_max,Dew_avg,Dew_min,Hum_max,Hum_avg,Hum_min,Wind_max,Wind_avg,Wind_min,Pres_max,Pres_avg,Pres_min,Precipitation
1,83,63.5,49,48,43.6,36,90,57.0,18,1,0.3,0,28.3,28.2,28.1,0.00
2,87,65.4,49,52,45.0,38,87,55.8,18,2,0.3,0,28.3,28.2,28.1,0.00
3,88,66.4,50,49,45.6,34,90,56.9,15,2,0.3,0,28.3,28.2,28.1,0.00
4,86,66.8,51,52,47.4,41,87,57.1,20,2,0.3,0,28.3,28.2,28.1,0.00
5,87,67.5,51,57,50.4,44,88,60.0,22,1,0.1,0,28.2,28.1,28.1,0.00
6,86,66.9,53,53,48.4,44,93,58.4,25,1,0.3,0,28.1,28.1,28.0,0.00
7,80,63.9,50,53,48.9,43,95,63.4,32,3,0.6,0,28.2,28.1,28.1,0.00
8,85,64.5,50,50,47.0,41,91,60.5,21,2,0.3,0,28.2,28.1,28.1,0.00
9,86,65.6,49,50,47.0,41,92,59.4,20,1,0.3,0,28.2,28.1,28.0,0.00
10,85,66.0,51,52,48.5,44,95,60.4,24,3,0.5,0,28.1,28.1,28.0,0.00
11,86,67.3,52,53,51.3,49,90,62.3,31,2,0.4,0,28.1,28.1,28.0,0.00
12,89,68.1,53,53,49.1,42,91,58.6,19,3,0.6,0,28.1,28.1,28.0,0.00
13,87,67.8,52,57,51.1,48,86,60.5,26,0,0.0,0,28.2,28.1,28.1,0.00
14,82,67.0,54,56,53.3,51,91,65.8,37,2,0.5,0,28.2,28.1,28.0,0.00
15,84,67.8,56,55,53.9,52,91,65.9,34,2,0.5,0,28.2,28.1,28.1,0.00
16,85,68.4,55,56,54.0,51,92,65.4,32,3,0.6,0,28.2,28.1,28.1,0.00
17,87,69.4,55,56,53.9,51,91,63.4,29,1,0.1,0,28.1,28.1,28.0,0.00
18,87,69.1,56,56,52.4,47,94,62.1,25,3,0.5,0,28.1,28.1,28.0,0.00
19,86,68.6,55,55,52.9,51,93,63.0,30,2,0.5,0,28.2,28.1,28.1,0.00
20,86,68.5,56,56,52.3,49,94,62.4,28,2,0.5,0,28.2,28.1,28.0,0.00
21,90,71.3,55,56,44.0,0,91,49.8,0,5,0.6,0,28.1,28.1,28.0,0.00
22,81,67.9,55,55,51.3,47,85,59.4,30,3,0.9,0,28.1,28.1,28.0,0.00
23,82,67.9,55,59,55.3,53,96,67.6,37,2,0.5,0,28.1,28.1,28.0,0.00
24,84,67.9,55,56,51.3,40,94,62.3,24,5,1.1,0,28.2,28.1,28.0,0.00
25,81,64.3,52,51,45.0,39,93,56.3,24,1,0.1,0,28.1,28.1,28.0,0.00
26,77,64.4,50,57,51.9,45,84,66.1,45,2,0.9,0,28.2,28.1,28.1,0.00
27,77,66.8,58,55,51.0,47,68,57.6,47,3,1.3,0,28.2,28.1,28.1,0.00
28,77,64.0,54,52,49.5,46,76,60.6,42,3,0.8,0,28.3,28.2,28.1,0.00
29,77,62.5,50,49,45.5,40,83,57.6,31,5,1.0,0,28.2,28.2,28.1,0.00
30,85,66.1,50,52,47.5,43,84,56.9,24,3,0.5,0,28.2,28.1,28.1,0.00
31,83,68.4,52,53,49.3,42,91,56.3,27,1,0.1,0,28.2,28.1,28.0,0.00
1,86,70.3,55,56,51.9,51,90,57.3,31,3,0.6,0,28.2,28.1,28.0,0.00
2,86,70.6,57,58,54.8,51,89,60.9,29,0,0.0,0,28.1,28.1,28.0,0.00
3,88,71.6,59,59,53.9,49,96,58.8,26,3,0.6,0,28.2,28.1,28.0,0.00
4,87,72.0,60,55,52.6,49,76,53.9,32,3,1.1,0,28.2,28.1,28.1,0.00
5,89,72.8,58,60,55.4,48,88,59.5,25,2,0.3,0,28.2,28.1,28.1,0.00
6,88,72.4,60,59,54.4,48,86,56.3,29,5,1.1,0,28.1,28.1,28.0,0.00
7,79,67.8,54,55,49.8,45,80,55.4,33,3,1.8,0,28.1,28.1,28.0,0.00
8,77,61.9,46,50,41.0,33,91,53.1,20,3,1.4,0,28.2,28.1,28.1,0.00
9,77,60.0,43,43,36.0,27,99,48.9,16,5,0.8,0,28.2,28.1,28.1,0.00
10,85,66.3,45,49,42.5,34,84,49.1,19,3,0.8,0,28.2,28.1,28.1,0.00
11,90,63.8,0,53,50.3,47,80,43.1,0,64,8.5,0,28.2,28.1,28.1,0.00
12,91,76.0,60,61,57.5,53,81,57.1,34,2,0.9,0,28.2,28.1,28.1,0.00
13,92,76.4,64,63,57.4,52,83,57.0,25,2,0.3,0,28.2,28.1,28.1,0.00
14,92,76.0,63,60,55.1,48,84,54.5,22,2,0.4,0,28.1,28.1,28.0,0.00
15,89,71.8,56,58,49.4,44,78,50.9,20,5,1.5,0,28.1,24.6,0.0,0.00
16,87,70.0,53,54,46.8,35,88,51.6,16,3,0.9,0,28.2,28.1,28.0,0.00
17,87,70.8,53,53,47.9,40,85,50.9,20,5,1.3,0,28.1,28.1,28.0,0.00
18,91,73.8,55,54,48.4,37,87,49.4,15,2,0.5,0,28.1,28.0,27.9,0.00
19,94,75.4,59,55,50.6,44,79,48.5,18,5,1.0,0,28.1,28.0,28.0,0.00
20,97,78.8,59,59,54.0,50,81,47.9,20,3,1.1,0,28.1,28.1,28.0,0.00
21,95,79.9,65,64,58.9,53,74,53.0,24,1,0.1,0,28.2,28.1,28.1,0.00
22,95,79.8,68,64,56.3,51,80,49.5,23,2,0.5,0,28.2,28.1,28.0,0.00
23,95,78.8,64,61,54.3,51,77,47.8,22,2,0.5,0,28.1,28.1,28.0,0.00
24,96,77.5,62,56,45.4,36,69,39.3,14,5,1.8,0,28.1,28.0,27.9,0.00
25,93,76.6,60,51,44.1,37,70,37.1,14,2,0.8,0,28.1,28.0,27.9,0.00
26,87,73.4,59,50,42.0,32,65,38.0,16,3,1.1,0,28.1,28.0,27.9,0.00
27,86,70.6,57,55,47.5,38,77,49.5,18,9,2.3,0,28.0,28.0,27.9,0.00
28,86,71.4,54,51,46.6,40,86,47.0,21,3,0.6,0,28.1,28.0,27.9,0.00
1,89,72.0,56,53,46.9,38,82,47.3,17,3,0.6,0,28.1,28.0,27.9,0.00
2,96,77.4,58,55,48.3,39,79,41.8,14,5,1.4,0,28.0,28.0,27.9,0.00
3,92,76.6,65,61,53.1,33,80,51.8,12,3,1.5,0,28.1,28.0,27.9,0.00
4,91,76.0,65,63,56.9,42,83,57.8,18,5,3.9,0,28.0,28.0,27.9,0.00
5,88,73.9,64,61,54.9,43,86,57.9,21,9,4.9,1,28.0,28.0,27.9,0.00
6,84,72.0,61,59,53.9,47,86,57.3,27,2,1.0,0,28.1,28.0,27.9,0.00
7,93,74.9,57,56,49.6,39,89,48.5,15,1,0.5,0,28.1,28.0,27.9,0.00
8,95,76.9,60,58,50.8,44,86,46.4,19,5,0.9,0,28.1,28.0,28.0,0.00
9,96,78.5,60,55,48.9,44,70,40.8,16,3,1.0,0,28.1,28.1,28.0,0.00
10,95,79.1,61,57,48.3,43,76,39.0,17,2,1.1,0,28.1,28.1,28.0,0.00
11,96,77.3,59,57,49.3,39,71,43.1,14,5,1.1,0,28.1,28.1,28.0,0.00
12,95,78.3,63,58,48.0,40,79,40.3,15,3,0.9,0,28.1,28.1,28.0,0.00
13,94,79.1,68,54,47.3,40,60,36.0,16,3,1.1,0,28.1,28.1,28.0,0.00
14,94,77.9,64,52,46.3,38,65,37.9,16,2,0.6,0,28.1,28.1,28.0,0.00
15,94,78.3,61,54,46.3,42,71,36.6,16,2,0.5,0,28.2,28.1,28.0,0.00
16,97,79.4,62,52,43.8,38,62,32.5,13,6,2.1,0,28.1,28.1,28.0,0.00
17,98,79.8,64,50,43.8,31,55,34.1,11,2,0.4,0,28.1,28.0,28.0,0.00
18,97,80.1,60,53,46.3,37,66,35.6,12,3,1.0,0,28.1,28.0,28.0,0.00
19,96,79.3,61,52,44.6,39,63,34.0,15,5,1.3,0,28.0,28.0,27.9,0.00
20,96,80.5,62,50,46.1,39,60,32.8,14,5,2.0,0,28.0,28.0,27.9,0.00
21,97,79.4,61,57,46.4,31,66,37.3,10,5,1.4,0,28.1,28.0,28.0,0.00
22,96,80.0,61,51,40.5,24,68,32.3,7,1,0.3,0,28.1,28.1,28.0,0.00
23,97,69.6,0,56,45.3,0,71,37.5,0,5,1.1,0,28.1,24.5,0.0,0.00
24,101,84.1,65,57,48.8,39,69,34.9,13,5,1.0,0,28.2,28.0,27.9,0.00
25,101,86.0,70,57,51.5,48,51,33.1,17,1,0.3,0,28.1,28.0,27.9,0.00
26,100,85.4,69,55,50.6,44,61,34.3,15,3,0.9,0,28.1,28.0,28.0,0.00
27,101,84.1,68,67,56.6,40,75,46.9,12,6,2.0,0,28.1,28.1,28.0,0.00
28,102,86.1,68,62,51.8,38,80,38.9,11,5,1.4,0,28.1,28.0,28.0,0.00
29,102,84.7,67,60,54.1,41,64,40.0,12,3,0.7,0,28.1,28.0,27.9,0.00
30,103,87.4,76,67,58.5,44,58,42.0,14,6,1.1,0,28.0,28.0,27.9,0.00
31,103,89.0,77,64,53.7,40,62,34.7,11,5,2.0,0,28.1,28.0,27.9,0.00
1,101,84.3,68,56,47.9,37,53,33.6,12,5,1.4,0,28.1,28.0,27.9,0.00
2,101,84.8,65,62,50.1,32,68,38.5,9,5,1.6,0,28.1,28.0,27.9,0.00
3,103,86.5,67,59,50.1,38,62,33.6,11,3,0.5,0,28.0,28.0,27.9,0.00
4,104,87.3,70,64,55.6,45,52,37.5,13,6,1.4,0,28.1,28.0,27.9,0.00
5,99,85.3,72,62,59.1,54,58,42.8,26,6,2.4,0,28.1,28.0,28.0,0.00
6,102,86.1,71,63,52.4,44,54,34.9,14,2,0.8,0,28.1,28.0,28.0,0.00
7,99,86.6,74,64,50.4,44,47,31.5,15,6,2.0,0,28.0,28.0,27.9,0.00
8,103,87.8,71,60,50.1,45,48,30.3,14,2,1.3,0,28.0,27.9,27.9,0.00
9,98,85.1,71,57,50.4,44,54,32.9,16,5,1.8,0,28.0,28.0,27.9,0.00
10,104,87.0,67,59,50.5,43,52,33.0,13,6,1.9,0,28.1,28.0,27.9,0.00
11,104,88.0,69,65,53.9,39,60,36.8,11,5,1.5,0,28.0,28.0,27.9,0.00
12,102,88.9,73,65,56.6,44,60,37.9,14,3,1.1,0,28.1,28.0,27.9,0.00
13,99,84.4,74,64,57.7,48,61,44.4,17,6,1.9,0,28.1,28.0,27.9,0.00
14,103,86.1,71,66,58.8,51,72,44.8,18,6,1.8,0,28.0,28.0,27.9,0.00
15,101,85.0,74,68,60.5,51,72,47.5,18,13,2.4,0,28.0,28.0,27.9,0.00
16,95,83.9,75,70,63.9,56,70,53.8,26,5,2.5,0,28.0,28.0,27.9,0.00
17,95,81.4,66,67,53.4,41,82,44.0,16,3,1.8,0,28.1,28.0,27.9,0.00
18,96,81.8,63,64,52.5,34,65,42.9,11,3,0.9,0,28.1,28.0,27.9,0.00
19,100,83.6,68,62,55.9,44,77,44.3,15,6,2.3,0,28.0,27.9,27.9,0.00
20,100,83.4,65,60,53.0,38,77,40.9,12,7,1.9,0,28.0,27.9,27.8,0.00
21,101,85.0,70,64,53.3,44,62,38.4,14,5,2.0,0,28.0,27.9,27.9,0.00
22,100,86.3,72,54,49.4,42,51,30.6,14,6,1.3,0,28.0,27.9,27.9,0.00
23,103,88.3,68,51,44.9,38,46,24.9,11,2,0.5,0,28.0,28.0,27.9,0.00
24,104,90.9,77,68,53.8,41,55,32.5,12,3,0.8,0,28.0,28.0,27.9,0.00
25,105,91.5,80,65,59.6,52,59,37.0,17,5,2.1,0,28.0,28.0,27.9,0.00
26,106,80.8,0,67,55.9,40,58,28.4,0,46,6.8,0,28.0,27.9,27.8,0.00
27,108,95.1,81,63,55.8,46,53,30.0,13,3,1.1,0,28.0,27.9,27.8,0.00
28,107,93.4,82,70,58.3,38,65,38.4,9,8,2.6,0,28.0,27.9,27.8,0.00
29,103,90.3,80,71,61.5,53,67,41.9,19,6,3.6,3,28.0,27.9,27.8,0.00
30,99,88.4,77,65,57.7,55,66,37.4,24,5,2.3,0,28.0,27.9,27.9,0.00
1,97,84.0,73,67,58.3,42,80,46.8,17,9,5.1,0,27.9,27.9,27.8,0.00
2,95,82.5,72,63,55.0,43,67,43.6,17,10,3.8,1,27.9,27.9,27.9,0.00
3,94,82.3,71,64,57.6,51,72,46.6,25,9,4.9,1,28.0,27.9,27.9,0.00
4,93,72.4,0,67,62.3,57,74,45.5,0,58,12.1,3,28.1,28.0,27.9,0.00
5,96,83.8,73,67,60.9,55,82,49.9,25,7,2.9,0,28.1,28.0,28.0,0.00
6,103,87.3,70,69,61.0,46,73,47.4,15,5,1.8,0,28.0,28.0,27.9,0.00
7,94,72.8,0,69,63.6,52,77,50.8,0,87,14.3,0,28.0,28.0,27.9,0.00
8,95,73.4,0,69,65.5,62,74,48.5,0,60,11.4,2,28.0,28.0,27.9,0.00
9,95,82.9,73,65,59.4,53,75,48.4,24,7,4.1,2,28.0,28.0,27.9,0.00
10,96,84.6,73,67,62.9,57,80,52.0,27,6,3.3,1,28.0,28.0,27.9,0.00
11,100,85.3,73,68,61.3,47,78,51.3,16,5,3.1,2,28.0,28.0,27.9,0.00
12,102,86.3,73,71,61.4,42,80,51.8,13,6,4.3,2,28.0,27.9,27.9,0.00
13,101,86.1,74,68,60.6,45,79,49.4,15,6,4.0,0,28.0,27.9,27.9,0.00
14,101,85.5,73,69,56.6,39,77,46.9,12,6,4.8,2,28.0,27.9,27.9,0.00
15,98,84.8,72,66,55.4,44,79,43.8,16,5,3.1,0,28.0,28.0,27.9,0.00
16,100,85.8,73,65,59.9,51,74,45.8,19,5,2.3,0,28.1,28.0,27.9,0.00
17,100,87.3,72,70,57.5,46,62,41.0,16,10,3.4,0,28.1,28.0,27.9,0.00
18,104,88.6,70,70,57.5,43,57,38.8,13,3,1.3,0,28.0,28.0,27.9,0.00
19,103,90.4,72,58,52.9,48,56,30.4,16,5,2.6,0,28.0,28.0,27.9,0.00
20,104,90.5,73,71,55.3,45,62,36.0,14,3,1.6,0,28.0,27.9,27.9,0.00
21,103,89.5,76,73,63.1,53,67,44.9,19,5,2.0,0,28.0,27.9,27.9,0.00
22,104,89.0,77,70,61.9,55,70,44.1,19,5,2.5,1,28.0,27.9,27.9,0.00
23,102,87.8,76,71,63.8,53,76,49.8,19,5,3.1,0,28.0,27.9,27.9,0.00
24,103,88.6,77,70,63.5,53,71,47.5,19,9,4.0,1,28.0,28.0,27.9,0.00
25,99,87.8,77,70,63.9,51,76,47.5,28,3,1.9,0,28.0,27.9,27.9,0.00
26,98,85.3,75,71,64.3,57,82,54.0,26,6,2.9,1,28.0,27.9,27.9,0.00
27,100,87.1,76,72,67.0,62,79,55.1,29,5,3.8,2,27.9,27.9,27.8,0.00
28,103,88.6,76,71,62.4,54,78,47.1,21,6,3.1,2,27.9,27.9,27.8,0.00
29,102,89.0,76,71,61.1,49,74,45.3,17,7,3.6,2,27.9,27.9,27.8,0.00
30,98,87.5,76,71,57.4,0,74,46.0,0,5,3.0,2,27.9,24.4,0.0,0.00
31,103,88.6,76,70,63.7,53,73,48.6,19,6,3.9,1,27.9,27.9,27.8,0.00
1,98,86.5,77,71,67.9,63,79,56.6,31,6,3.9,2,28.0,27.9,27.8,0.00
2,101,86.9,76,71,68.5,63,81,56.9,28,12,5.8,2,27.9,27.9,27.8,0.00
3,96,85.0,78,70,68.9,67,74,59.5,41,13,6.3,1,27.9,27.9,27.8,0.00
4,96,85.4,77,71,68.5,64,76,59.4,35,7,3.4,1,27.9,27.9,27.8,0.00
5,102,88.0,77,74,69.6,65,76,57.4,30,5,3.5,1,27.9,27.9,27.8,0.00
6,94,85.1,78,72,69.8,67,77,61.4,41,7,4.8,2,27.9,27.9,27.9,0.00
7,97,86.6,79,71,66.5,63,70,52.5,38,3,2.4,1,27.9,27.9,27.8,0.00
8,102,90.3,80,74,70.8,63,81,56.0,28,5,2.5,1,28.0,27.9,27.8,0.00
9,98,84.4,74,73,70.9,68,92,67.8,37,6,2.4,0,27.9,27.9,27.8,0.00
10,95,82.5,76,73,70.9,68,89,69.3,43,3,0.9,0,27.9,27.8,27.7,0.00
11,95,86.3,75,74,70.8,66,93,62.5,39,3,1.0,0,27.8,27.8,27.7,0.00
12,86,78.6,73,73,70.1,68,92,76.8,55,3,1.1,0,27.8,27.8,27.7,0.00
13,86,79.5,73,73,71.5,69,95,77.5,58,9,2.6,0,27.9,27.8,27.8,0.00
14,90,82.5,75,73,69.5,66,90,67.1,45,9,3.3,0,27.9,27.8,27.8,0.00
15,88,80.5,76,73,70.6,68,89,73.1,51,7,3.4,0,27.9,27.9,27.8,0.00
16,92,82.6,76,71,68.9,67,81,64.6,43,9,3.9,0,27.9,27.9,27.9,0.00
17,89,82.0,78,70,68.4,66,75,64.1,47,14,6.6,1,27.9,27.9,27.9,0.00
18,90,81.4,76,72,69.9,67,87,69.0,51,9,3.6,0,27.9,27.9,27.8,0.00
19,84,78.9,75,73,71.4,70,92,78.3,64,7,2.1,1,27.9,27.8,27.8,0.00
20,89,82.3,75,72,67.5,55,89,62.9,40,7,3.8,1,27.9,27.9,27.8,0.00
21,92,82.6,75,71,69.4,66,86,65.5,41,7,4.0,2,27.9,27.9,27.8,0.00
22,91,82.5,76,71,69.8,67,81,66.4,46,9,3.0,0,27.9,27.8,27.8,0.00
23,90,81.6,77,73,71.0,69,84,70.8,52,5,2.6,0,27.8,27.8,27.8,0.00
24,89,78.9,75,76,72.1,70,93,81.1,53,5,1.6,0,27.9,27.9,27.8,0.00
25,91,80.4,75,75,72.5,71,95,78.9,53,5,1.3,0,27.9,27.9,27.8,0.00
26,87,80.1,75,76,72.9,72,90,78.8,61,3,1.0,0,27.9,27.9,27.8,0.00
27,86,67.9,0,75,73.3,71,98,75.6,0,51,7.4,0,27.9,27.8,27.8,0.00
28,77,74.6,73,73,72.4,71,97,92.5,87,3,1.4,0,27.9,27.8,27.8,0.00
29,76,74.1,73,71,70.5,70,96,88.5,82,7,2.6,0,27.9,27.8,27.8,0.00
30,80,74.9,73,73,70.6,69,91,86.7,80,3,0.7,0,27.9,27.8,27.8,0.00
1,78,74.9,73,73,72.1,71,98,91.1,82,5,1.1,0,27.8,27.8,27.8,0.00
2,80,75.8,72,73,71.3,70,96,85.6,74,3,2.5,1,27.9,27.8,27.8,0.00
3,81,76.9,74,73,71.1,69,90,82.8,72,7,2.5,1,27.9,27.8,27.8,0.00
4,81,77.3,75,73,71.3,69,89,81.8,67,9,2.4,0,27.8,27.8,27.8,0.00
5,81,75.8,74,73,71.4,70,93,86.8,70,5,2.4,0,27.8,27.8,27.7,0.00
6,78,75.1,73,73,71.9,70,98,90.1,82,5,2.0,0,27.8,27.8,27.7,0.00
7,81,77.4,74,76,73.3,72,93,87.4,77,5,2.0,0,27.9,27.8,27.7,0.00
8,76,75.1,73,74,72.8,71,96,92.5,90,1,0.8,0,27.9,27.8,27.8,0.00
9,82,76.9,74,75,73.4,73,96,88.8,74,3,1.1,0,27.9,27.8,27.8,0.00
10,78,74.9,73,75,73.0,72,98,93.4,87,5,1.5,0,27.9,27.8,27.8,0.00
11,81,77.0,74,74,72.6,71,96,85.5,76,6,2.0,1,27.9,27.9,27.8,0.00
12,83,78.0,73,74,72.4,71,92,82.5,68,6,2.3,0,28.0,27.9,27.9,0.00
13,83,67.8,0,73,62.4,0,95,71.5,0,5,2.0,0,28.0,24.4,0.0,0.00
14,85,77.8,74,73,71.6,71,92,81.4,63,7,3.5,0,27.9,27.9,27.9,0.00
15,84,78.5,74,72,70.9,70,90,77.9,64,7,3.4,1,27.9,27.9,27.9,0.00
16,86,78.4,74,73,71.3,70,90,78.9,64,9,4.1,0,27.9,27.9,27.9,0.00
17,84,78.9,75,72,70.8,70,88,77.1,64,7,3.1,1,27.9,27.9,27.9,0.00
18,86,79.3,73,72,71.1,70,91,76.3,60,3,2.4,1,27.9,27.8,27.8,0.00
19,91,79.8,73,73,71.8,70,98,78.4,50,2,0.8,0,27.9,27.8,27.7,0.00
20,86,78.4,73,76,73.8,72,96,87.0,64,0,0.0,0,27.8,27.8,27.7,0.00
21,89,80.8,74,75,73.1,64,96,79.5,43,0,0.0,0,27.8,27.7,27.7,0.00
22,89,81.5,77,76,73.6,72,94,77.8,56,3,1.4,0,27.8,27.7,27.7,0.00
23,85,79.6,76,74,72.8,71,90,79.6,71,5,2.0,0,27.8,27.8,27.7,0.00
24,83,78.1,74,73,71.8,70,93,80.8,68,6,2.9,0,27.9,27.8,27.8,0.00
25,78,75.5,73,73,71.9,71,92,88.5,84,3,1.6,1,27.9,27.9,27.9,0.00
26,77,73.8,71,74,71.1,69,97,91.5,86,5,3.0,1,27.9,27.9,27.8,0.00
27,75,73.4,72,72,70.3,68,96,90.0,86,10,3.3,1,27.9,27.9,27.8,0.00
28,79,75.0,73,72,71.0,70,95,86.4,78,7,4.6,1,27.9,27.8,27.8,0.00
29,76,74.0,72,72,71.4,71,98,92.0,85,6,3.4,0,27.9,27.8,27.8,0.00
30,76,73.5,72,73,70.9,70,96,91.0,88,5,2.4,1,27.9,27.9,27.8,0.00
31,78,75.3,73,72,70.9,70,92,86.4,81,6,3.4,1,27.9,27.9,27.9,0.00
1,81,75.4,73,73,71.8,71,95,89.9,79,10,4.4,2,27.9,27.9,27.8,0.00
2,76,73.6,72,73,71.8,71,96,93.6,90,5,2.5,1,27.9,27.8,27.8,0.00
3,79,74.4,72,72,71.3,70,96,90.1,77,3,2.0,0,27.8,27.8,27.8,0.00
4,74,64.1,0,73,71.9,71,96,83.3,0,45,7.1,1,27.8,27.8,27.8,0.00
5,76,74.0,73,74,72.3,71,96,93.6,91,3,2.1,1,27.8,27.8,27.8,0.00
6,78,75.3,73,74,72.0,70,93,89.6,84,3,2.0,1,27.8,27.8,27.7,0.00
7,77,74.9,73,73,72.3,72,96,90.8,85,7,5.0,2,27.8,27.7,27.7,0.00
8,79,75.6,74,73,71.3,70,91,85.9,81,10,6.1,2,27.8,27.7,27.7,0.00
9,79,75.5,74,73,71.4,70,90,86.8,77,9,4.4,1,27.8,27.7,27.7,0.00
10,81,76.4,73,72,70.9,70,91,83.1,73,7,5.0,2,27.9,27.8,27.7,0.00
11,78,74.5,72,73,71.5,71,95,90.3,84,5,1.1,0,27.9,27.9,27.8,0.00
12,81,76.0,72,72,71.5,71,95,86.6,73,5,1.4,0,27.9,27.9,27.8,0.00
13,81,76.6,73,74,71.5,70,93,84.6,73,3,1.4,0,27.9,27.9,27.8,0.00
14,81,75.9,73,73,71.4,70,93,86.1,72,5,1.9,1,27.9,27.9,27.9,0.00
15,81,75.9,73,73,71.4,70,91,85.6,73,5,1.6,0,27.9,27.9,27.9,0.00
16,79,75.8,73,74,71.6,70,93,87.4,80,2,1.1,0,27.9,27.9,27.9,0.00
17,82,76.8,72,74,71.4,70,95,84.4,68,6,1.8,0,27.9,27.9,27.9,0.00
18,82,75.9,72,75,72.6,70,96,89.1,79,2,1.0,0,28.0,27.9,27.9,0.00
19,86,77.6,71,76,72.0,69,98,83.4,72,5,2.1,0,28.0,28.0,27.9,0.00
20,85,77.1,72,71,70.0,69,91,79.8,63,2,1.4,0,28.0,28.0,27.9,0.00
21,82,75.9,71,72,70.0,69,91,81.8,65,7,4.1,0,28.0,27.9,27.9,0.00
22,83,76.0,70,72,70.0,68,95,82.5,61,3,1.3,0,27.9,27.9,27.9,0.00
23,82,76.0,70,73,70.0,69,96,81.6,66,2,1.1,0,27.9,27.9,27.9,0.00
24,85,77.5,71,71,70.0,69,91,78.4,62,5,2.0,0,27.9,27.9,27.9,0.00
25,84,76.5,71,70,69.0,68,95,78.9,63,6,3.5,0,27.9,27.9,27.8,0.00
26,82,75.6,71,70,68.1,67,88,78.5,61,5,2.3,0,27.9,27.9,27.8,0.00
27,80,74.8,69,70,68.5,67,95,81.5,65,2,0.9,0,27.9,27.9,27.8,0.00
28,86,76.9,69,70,68.9,67,95,77.8,55,3,1.0,0,27.9,27.9,27.8,0.00
29,88,79.3,71,72,70.9,69,97,77.0,52,5,1.5,0,27.9,27.9,27.8,0.00
30,80,76.1,74,74,71.4,70,93,85.0,73,3,1.0,0,27.9,27.8,27.8,0.00
31,80,76.9,74,73,71.6,70,95,84.1,78,2,0.7,0,27.8,27.8,27.8,0.04
1,82,75.0,73,73,70.6,69,91,86.0,67,3,1.5,0,27.9,27.8,27.8,0.01
2,82,76.3,73,72,70.5,69,90,82.8,67,5,1.5,0,27.9,27.9,27.8,0.12
3,80,75.9,73,73,71.3,70,96,85.5,72,3,1.4,0,27.9,27.8,27.8,0.02
4,78,74.5,72,73,71.3,69,98,89.3,82,2,1.0,0,27.8,27.8,27.8,0.59
5,80,75.8,73,73,71.4,69,93,86.4,80,3,1.6,0,27.8,27.8,27.8,0.12
6,79,75.1,73,74,71.5,70,95,89.3,83,3,1.8,1,27.8,27.8,27.8,0.02
7,80,75.3,74,73,71.4,69,91,87.5,77,3,1.3,0,27.9,27.8,27.8,0.20
8,79,74.8,73,74,72.0,71,95,90.9,84,3,0.9,0,27.9,27.9,27.8,0.12
9,78,74.9,73,73,71.6,70,95,90.3,83,3,1.5,0,27.9,27.9,27.8,0.16
10,79,74.9,72,73,71.0,69,96,88.0,78,5,2.3,0,27.9,27.9,27.8,0.12
11,81,75.1,72,71,69.9,69,93,84.9,69,5,2.3,0,28.0,27.9,27.9,0.04
12,80,75.3,72,71,70.3,69,91,84.5,74,9,3.4,1,28.0,27.9,27.9,0.01
13,79,74.9,73,71,70.6,69,95,87.8,77,5,2.0,0,28.0,27.9,27.9,0.08
14,82,75.9,72,73,71.0,70,96,85.1,72,5,2.0,0,28.0,28.0,27.9,0.55
15,78,74.6,72,72,70.6,70,93,87.5,81,1,0.5,0,28.0,28.0,27.9,0.01
16,78,74.8,72,71,70.5,69,93,86.5,79,2,1.4,0,28.0,27.9,27.9,0.01
17,78,74.0,72,73,71.3,70,96,91.1,82,2,0.8,0,28.0,27.9,27.9,0.03
18,80,75.9,73,76,73.4,72,96,92.0,81,1,0.1,0,28.8,28.0,27.9,0.08
19,81,75.5,73,75,73.1,72,100,92.1,77,1,0.1,0,27.9,27.9,27.8,1.02
20,81,75.1,69,74,70.3,67,96,85.8,72,3,0.8,0,27.9,27.9,27.9,0.20
21,85,77.3,70,72,70.6,69,96,80.9,64,2,0.5,0,27.9,27.9,27.8,0.02
22,87,77.5,70,71,70.3,69,96,79.5,59,2,0.6,0,28.0,27.9,27.9,0.08
23,87,78.1,70,73,71.0,68,98,80.3,58,1,0.4,0,28.0,28.0,27.9,0.00
24,86,76.1,71,75,72.3,69,98,88.8,69,7,1.3,0,28.0,27.9,27.9,2.20
25,84,76.8,71,76,73.4,71,98,89.0,72,0,0.0,0,28.0,27.9,27.9,3.43
26,87,77.3,73,74,72.0,71,98,84.6,60,5,0.6,0,28.0,28.0,27.9,2.09
27,81,76.0,72,71,70.0,68,93,82.3,72,2,0.6,0,28.1,28.1,28.0,0.02
28,83,75.4,69,71,69.3,67,95,81.8,61,2,0.5,0,28.1,28.0,28.0,0.00
29,84,76.1,68,71,69.0,67,98,80.3,58,2,0.6,0,28.1,28.0,28.0,0.00
30,87,78.1,68,72,69.4,67,96,76.1,52,5,1.6,0,28.1,28.0,28.0,0.00
1,86,76.8,69,70,68.9,67,95,78.3,53,3,1.3,0,28.1,28.0,28.0,0.00
2,87,77.5,69,71,69.4,68,96,78.5,56,2,0.5,0,28.1,28.1,28.0,0.00
3,85,77.3,71,73,71.4,70,96,82.9,63,0,0.0,0,28.1,28.0,28.0,0.00
4,87,75.8,70,72,70.6,69,99,86.1,58,2,0.3,0,28.1,28.0,28.0,0.00
5,87,75.8,70,71,70.3,69,99,84.8,57,3,0.4,0,28.1,28.0,27.9,1.73
6,84,76.1,69,74,71.5,68,96,86.5,69,0,0.0,0,28.1,28.0,27.9,0.12
7,85,77.4,71,73,71.9,70,96,83.9,61,3,0.4,0,28.1,28.0,28.0,0.55
8,87,77.6,71,72,70.9,70,96,80.1,56,0,0.0,0,28.1,28.0,27.9,0.00
9,87,77.1,71,75,71.5,68,98,84.0,58,2,0.6,0,28.0,28.0,27.9,0.39
10,83,75.4,70,73,70.5,69,98,86.3,67,2,0.3,0,28.1,28.0,27.9,0.83
11,86,76.9,71,72,71.0,70,98,83.8,61,1,0.1,0,28.1,28.0,27.9,0.28
12,87,77.8,71,73,71.1,69,96,81.4,54,1,0.1,0,28.1,28.0,28.0,0.00
13,86,76.9,72,73,71.5,71,98,84.5,60,1,0.1,0,28.1,28.0,28.0,0.00
14,89,79.3,71,74,70.8,68,96,77.3,54,3,0.6,0,28.1,28.1,28.0,0.04
15,89,76.6,67,71,67.3,61,96,75.4,40,6,0.8,0,28.1,28.1,28.0,0.00
16,87,76.4,66,67,64.8,62,96,70.4,42,3,0.6,0,28.1,28.0,28.0,0.00
17,86,76.6,66,69,66.9,64,92,73.8,50,2,0.4,0,28.1,28.0,28.0,0.00
18,80,75.5,71,73,70.4,69,95,85.1,71,3,0.9,0,28.1,28.0,28.0,0.00
19,74,72.0,71,72,70.9,70,98,95.9,93,3,1.1,0,28.1,28.1,28.0,0.04
20,73,71.3,70,72,70.5,70,98,97.4,95,2,0.5,0,28.1,28.1,28.0,1.50
21,81,74.3,69,72,70.4,68,98,88.1,73,2,0.9,0,28.1,28.0,27.9,0.67
22,83,74.9,71,73,71.6,70,98,89.8,67,1,0.3,0,28.0,27.9,27.9,1.65
23,81,75.5,72,74,71.3,68,98,87.4,66,1,0.1,0,28.0,27.9,27.9,0.51
24,79,74.9,72,73,71.6,70,96,89.9,76,1,0.3,0,27.9,27.9,27.9,0.16
25,76,73.8,72,71,70.0,69,93,87.9,84,9,3.9,0,27.9,27.9,27.8,0.16
26,79,74.0,71,71,69.6,69,96,86.9,74,5,2.0,0,28.0,27.9,27.9,0.04
27,86,76.4,70,71,69.5,66,96,80.5,52,3,0.9,0,28.0,28.0,27.9,0.04
28,89,77.6,68,73,69.5,64,98,79.0,48,3,0.6,0,28.1,28.0,28.0,0.00
29,86,77.8,70,72,70.1,68,96,78.9,57,3,1.3,0,28.1,28.0,28.0,0.20
30,86,76.5,70,71,69.3,68,95,79.8,55,9,2.3,0,28.1,28.0,28.0,0.00
31,81,76.3,71,70,69.6,69,96,81.0,70,3,1.6,0,28.0,28.0,27.9,0.31
1,80,74.6,72,73,71.3,70,98,89.6,72,3,1.3,0,28.0,28.0,27.9,0.00
2,83,75.5,69,72,69.3,65,96,82.4,54,3,0.8,0,28.1,28.1,28.0,0.16
3,85,75.4,67,71,69.9,66,99,84.9,60,3,0.5,0,28.1,28.1,28.0,0.00
4,86,76.8,72,73,72.0,70,98,86.3,59,2,0.3,0,28.2,28.1,28.1,2.05
5,86,78.0,72,74,71.8,69,98,81.8,61,2,0.4,0,28.1,28.0,28.0,1.22
6,86,75.6,69,72,70.1,68,98,84.8,59,1,0.1,0,28.0,28.0,27.9,0.00
7,83,75.4,68,70,66.9,66,98,77.0,56,3,1.0,0,28.0,28.0,27.9,0.31
8,82,72.4,64,67,65.0,63,96,79.9,53,2,0.4,0,28.0,28.0,28.0,0.00
9,85,73.3,64,67,63.8,62,99,75.8,45,2,0.3,0,28.1,28.0,28.0,0.00
10,86,73.6,63,69,65.3,62,96,77.8,46,0,0.0,0,28.1,28.0,28.0,0.00
11,85,73.9,63,71,66.0,62,98,78.5,45,0,0.0,0,28.1,28.0,28.0,0.00
12,86,74.0,65,70,67.0,64,97,81.3,47,2,0.4,0,28.1,28.1,28.0,0.00
13,83,73.4,64,67,64.3,62,97,75.8,50,1,0.3,0,28.1,28.1,28.0,0.00
14,82,71.4,61,66,63.6,59,96,78.6,52,2,0.4,0,28.1,28.1,28.0,0.00
15,83,74.8,65,70,67.1,65,98,78.5,58,2,0.4,0,28.1,28.1,28.0,0.00
16,86,75.3,67,69,66.9,65,96,77.8,51,2,0.3,0,28.1,28.1,28.0,0.00
17,86,74.8,66,70,66.4,64,98,76.9,49,1,0.1,0,28.1,28.1,28.1,0.00
18,85,71.8,63,66,60.3,53,96,70.8,39,2,0.5,0,28.2,28.1,28.0,0.00
19,85,72.0,61,67,63.1,60,96,76.5,45,2,0.3,0,28.1,28.1,28.0,0.00
20,86,73.0,62,70,65.4,61,98,79.5,48,1,0.1,0,28.1,28.1,28.0,0.00
21,85,73.4,64,67,65.6,63,96,78.6,53,2,0.5,0,28.1,28.1,28.0,0.00
22,84,71.9,64,66,64.1,62,96,78.4,50,2,0.4,0,28.2,28.1,28.1,0.00
23,85,71.6,62,66,63.0,60,95,64.3,0,2,0.3,0,28.2,28.1,28.0,0.00
24,84,70.8,60,64,60.4,55,96,74.4,37,2,0.4,0,28.1,28.1,28.0,0.00
25,84,70.5,60,63,59.8,57,96,72.4,40,2,0.5,0,28.1,28.1,28.0,0.00
26,85,71.4,59,64,61.6,58,96,74.0,45,3,0.6,0,28.1,28.0,28.0,0.00
27,83,71.3,61,67,62.9,60,96,76.1,48,2,0.5,0,28.1,28.1,28.0,0.00
28,86,73.8,62,66,62.6,60,96,72.4,42,2,0.4,0,28.1,28.1,28.0,0.00
29,87,74.5,64,69,65.5,63,95,75.8,45,0,0.0,0,28.1,28.1,28.0,0.00
30,85,74.6,65,68,65.9,64,96,76.4,50,3,1.0,0,28.1,28.1,28.0,0.00
1,87,73.4,65,67,63.6,60,98,74.6,44,2,0.6,0,28.1,28.0,28.0,0.00
2,83,74.3,63,66,64.5,62,94,72.3,51,5,1.4,0,28.1,28.1,28.0,0.00
3,82,74.1,66,65,64.1,62,90,72.9,54,7,2.3,0,28.1,28.1,28.0,0.00
4,81,73.9,68,67,65.0,62,88,74.9,53,3,1.0,0,28.1,28.1,28.0,0.00
5,80,74.5,68,66,64.0,62,82,69.9,58,5,1.1,0,28.2,28.1,28.1,0.00
6,83,71.6,62,64,60.0,57,90,69.8,41,3,1.0,0,28.2,28.1,28.1,0.00
7,81,69.5,60,62,59.9,57,91,73.0,50,2,0.4,0,28.1,28.1,28.1,0.00
8,83,71.6,59,65,61.8,58,94,73.0,49,3,0.6,0,28.2,28.1,28.0,0.00
9,85,73.5,65,67,64.5,63,94,74.8,50,1,0.3,0,28.1,28.1,28.0,0.00
10,86,72.8,64,65,63.3,62,97,76.0,44,1,0.3,0,28.1,28.1,28.0,0.00
11,86,73.9,62,67,63.9,61,98,74.3,42,1,0.4,0,28.1,28.0,28.0,0.00
12,85,73.3,65,67,64.0,61,95,75.4,44,3,0.6,0,28.1,28.0,28.0,0.00
13,83,70.3,60,63,59.0,56,96,72.0,44,3,0.5,0,28.1,28.1,28.0,0.00
14,83,70.1,60,64,61.1,58,94,75.6,48,1,0.1,0,28.2,28.1,28.1,0.00
15,85,71.8,61,64,62.0,60,97,75.1,43,1,0.3,0,28.1,28.1,28.0,0.00
16,84,71.0,62,65,62.3,60,96,76.3,44,2,0.3,0,28.1,28.1,28.0,0.00
17,81,69.8,61,63,60.8,58,98,76.3,47,3,0.9,0,28.2,28.1,28.1,0.00
18,82,69.6,61,63,60.8,59,98,76.6,47,3,0.8,0,28.2,28.1,28.1,0.00
19,82,69.1,59,61,59.8,57,96,75.0,46,2,0.8,0,28.2,28.1,28.0,0.00
20,83,69.6,59,62,60.6,58,98,76.4,42,2,0.4,0,28.1,28.1,28.0,0.00
21,83,72.3,62,63,61.3,60,94,71.3,45,3,1.0,0,28.1,28.1,28.0,0.00
22,80,72.1,67,65,62.9,61,90,74.1,53,3,0.9,0,28.1,28.1,28.0,0.00
23,85,73.6,65,64,62.6,62,92,70.8,46,2,0.6,0,28.1,28.0,28.0,0.00
24,83,73.5,64,68,65.1,62,93,76.9,49,2,0.3,0,28.1,28.1,28.0,0.00
25,85,76.6,70,71,68.1,64,95,77.3,50,1,0.1,0,28.1,28.1,28.0,0.00
26,83,74.1,66,70,67.0,63,95,80.1,57,2,0.4,0,28.1,28.1,28.0,0.04
27,78,70.3,64,66,64.6,63,96,83.3,65,3,1.0,0,28.1,28.1,28.0,0.00
28,77,70.4,66,64,61.8,58,90,74.5,59,5,2.4,0,28.1,28.1,28.0,0.00
29,81,71.4,64,67,62.4,58,93,74.6,55,1,0.3,0,28.1,28.1,28.0,0.00
30,81,71.4,64,64,61.1,58,90,72.9,46,2,1.1,0,28.1,28.0,28.0,0.00
31,82,69.7,60,60,48.0,0,92,53.1,0,3,1.6,0,28.1,28.1,28.0,0.00
1,86,67.6,53,60,54.3,43,97,69.4,22,5,1.0,0,28.1,28.1,28.0,0.00
2,86,69.5,57,60,56.9,51,96,70.3,30,3,1.1,0,28.2,28.1,28.1,0.00
3,79,65.8,56,59,56.4,54,96,75.6,43,2,0.4,0,28.2,28.1,28.0,0.00
4,77,64.9,54,60,57.4,54,97,79.5,53,2,0.6,0,28.1,28.1,28.0,0.00
5,76,65.4,56,60,57.5,55,99,78.1,53,5,1.1,0,28.1,28.1,28.0,0.00
6,81,68.8,57,63,60.4,56,97,76.8,53,3,0.9,0,28.2,28.1,28.1,0.00
7,86,72.9,60,67,63.5,58,97,75.0,48,2,0.6,0,28.1,28.1,28.0,0.00
8,81,72.1,63,65,62.4,60,96,74.0,50,3,1.1,0,28.1,28.1,28.0,0.00
9,78,68.3,60,62,59.8,54,96,75.3,53,3,0.5,0,28.1,28.1,28.0,0.00
10,76,66.3,56,62,58.4,53,94,76.6,59,3,1.0,0,28.2,28.1,28.1,0.00
11,80,68.0,59,62,60.4,58,96,79.3,54,3,0.8,0,28.2,28.1,28.1,0.00
12,82,69.3,59,61,59.6,58,98,74.5,47,2,0.4,0,28.2,28.1,28.0,0.00
13,84,70.4,60,65,60.9,58,96,75.5,43,3,0.6,0,28.1,28.0,28.0,0.00
14,82,69.8,60,61,59.8,58,98,73.4,48,3,1.0,0,28.1,28.0,28.0,0.00
15,86,69.1,59,62,56.9,51,96,69.0,30,7,2.3,0,28.1,28.0,28.0,0.00
16,77,64.8,52,53,49.6,47,88,61.4,35,9,2.9,0,28.1,28.1,28.0,0.00
17,79,63.3,50,53,50.0,47,95,66.9,33,1,0.3,0,28.1,28.1,28.0,0.00
18,83,66.9,51,58,55.0,50,95,68.9,41,3,0.5,0,28.1,28.1,28.0,0.00
19,83,69.5,57,63,59.3,54,93,72.4,45,3,0.6,0,28.1,28.1,28.0,0.00
20,86,72.0,59,65,61.9,58,96,73.0,45,2,0.3,0,28.1,28.1,28.0,0.00
21,87,73.4,62,68,62.5,60,94,71.5,40,2,0.3,0,28.1,28.1,28.0,0.00
22,86,71.9,61,62,59.1,57,96,68.0,37,3,0.8,0,28.2,28.1,28.1,0.00
23,86,70.6,59,61,58.0,56,96,69.0,37,2,0.6,0,28.2,28.1,28.1,0.00
24,85,70.9,59,60,57.8,55,98,68.5,36,1,0.3,0,28.2,28.1,28.0,0.00
25,88,72.8,59,60,58.0,55,91,64.6,32,1,0.3,0,28.2,28.1,28.0,0.00
26,89,73.9,61,62,59.8,57,96,65.3,35,2,0.4,0,28.1,28.1,28.0,0.00
27,87,72.1,61,61,56.4,50,94,63.5,28,5,1.6,0,28.1,28.0,28.0,0.00
28,77,69.6,60,60,57.6,55,88,67.6,47,6,2.1,0,28.1,28.1,28.0,0.00
29,78,66.5,56,62,56.1,53,96,71.8,44,3,0.9,0,28.2,28.1,28.1,0.00
30,82,66.6,54,57,54.0,50,97,69.3,37,1,0.3,0,28.1,28.1,28.0,0.00
31,84,69.7,54,56,54.6,51,95,62.6,32,1,0.4,0,28.1,28.0,27.9,0.00
1,84,69.6,55,59,57.1,53,96,68.9,41,0,0.0,0,28.1,28.1,28.0,0.00
2,86,71.1,58,62,56.5,44,92,65.5,23,2,0.9,0,28.1,28.1,28.0,0.00
3,88,72.5,60,64,59.4,53,98,68.9,30,3,1.3,0,28.1,28.1,28.0,0.00
4,86,71.8,62,60,57.6,53,92,65.6,35,5,0.8,0,28.1,28.1,28.0,0.00
5,83,69.4,59,58,56.4,52,94,67.3,38,0,0.0,0,28.1,28.1,28.0,0.00
6,87,70.0,55,59,52.5,48,91,59.9,26,3,1.0,0,28.1,28.0,28.0,0.00
7,82,66.9,54,52,47.6,40,89,55.9,22,2,0.8,0,28.1,28.1,28.0,0.00
8,81,69.5,56,59,56.5,51,89,65.6,43,3,1.1,0,28.1,28.1,28.0,0.00
9,79,69.8,63,59,57.1,53,84,65.9,40,3,2.0,0,28.2,28.1,28.1,0.00
10,82,73.6,68,63,61.8,60,84,68.0,46,3,1.5,0,28.2,28.1,28.0,0.00
11,82,72.1,64,64,62.1,60,90,72.6,49,5,1.6,0,28.2,28.1,28.1,0.00
12,84,72.5,64,64,60.9,58,90,69.3,44,3,1.0,0,28.2,28.2,28.1,0.00
13,86,72.6,61,63,60.4,59,94,68.5,41,0,0.0,0,28.2,28.1,28.1,0.00
14,87,74.0,61,61,58.4,56,90,62.3,36,1,0.1,0,28.1,28.1,28.0,0.00
15,89,75.0,61,62,58.3,53,90,61.1,34,2,0.5,0,28.1,28.1,28.0,0.00
16,91,75.6,62,61,57.6,53,88,58.9,29,5,1.1,0,28.1,28.1,28.0,0.00
17,91,76.1,63,63,58.8,55,89,59.8,29,3,0.9,0,28.2,28.1,28.1,0.00
18,91,76.8,64,61,57.6,52,88,57.0,29,2,0.6,0,28.2,28.1,28.0,0.00
19,92,77.4,63,61,58.6,54,84,56.9,28,1,0.4,0,28.2,28.1,28.0,0.00
20,92,76.9,62,61,57.8,53,84,56.8,27,2,0.3,0,28.1,28.1,28.0,0.00
21,90,77.1,63,66,60.1,57,83,59.0,38,3,0.6,0,28.2,28.1,28.1,0.00
22,92,77.4,64,70,62.4,58,86,62.5,40,2,0.5,0,28.2,28.1,28.1,0.00
23,92,77.9,63,67,58.0,53,86,55.1,27,3,1.0,0,28.2,28.1,28.0,0.00
24,93,77.9,63,60,52.3,45,75,46.6,19,5,1.0,0,28.1,28.0,28.0,0.00
25,87,73.3,60,52,47.0,42,76,43.4,21,5,1.0,0,28.1,28.1,28.0,0.00
26,86,70.5,57,51,46.9,42,72,47.8,23,5,1.5,0,28.1,28.1,28.0,0.00
27,89,72.9,56,54,48.6,43,83,48.1,21,5,1.6,0,28.1,28.1,28.0,0.00
28,91,76.6,58,56,50.8,43,73,44.5,25,3,1.0,0,28.1,28.0,27.9,0.00
29,91,77.7,62,57,52.1,47,72,43.7,27,1,0.3,0,28.0,28.0,27.9,0.00
1,90,77.3,65,59,56.5,53,76,52.3,29,2,0.8,0,28.1,28.0,27.9,0.00
2,91,76.4,62,59,55.1,50,82,52.3,27,3,1.0,0,28.1,28.0,28.0,0.00
3,86,73.1,58,56,50.3,46,82,48.4,26,14,4.3,0,28.1,28.0,28.0,0.00
4,88,74.0,63,63,57.0,47,87,60.6,25,6,1.6,0,28.1,28.0,27.9,0.00
5,89,73.9,61,62,56.1,43,92,61.3,20,7,2.0,0,28.0,28.0,27.9,0.00
6,86,73.0,64,61,57.0,52,86,61.1,34,9,4.3,0,28.1,28.0,27.9,0.00
7,88,74.4,60,61,56.9,45,92,59.3,24,10,3.4,0,28.1,28.0,28.0,0.00
8,90,75.8,63,60,56.4,49,86,55.8,26,1,0.5,0,28.1,28.0,28.0,0.00
9,91,66.9,0,59,52.0,45,88,40.6,0,5,1.5,0,28.1,28.0,27.9,0.00
10,85,74.9,62,62,57.3,50,77,55.8,36,6,3.0,0,28.0,28.0,28.0,0.00
11,86,75.4,67,60,56.8,54,76,54.4,36,9,4.0,2,28.1,24.5,0.0,0.00
12,86,73.6,60,62,57.8,52,85,60.3,39,3,1.5,0,28.1,28.1,28.0,0.00
13,88,73.6,63,57,55.0,52,80,54.9,29,9,2.3,0,28.1,28.1,28.0,0.00
14,90,74.1,58,54,49.4,44,85,46.9,23,6,1.8,0,28.1,28.0,28.0,0.00
15,92,77.5,60,57,50.9,41,70,43.9,21,7,1.3,0,28.1,28.0,27.9,0.00
16,94,79.4,63,56,53.6,49,71,43.6,28,1,0.3,0,28.1,28.1,28.0,0.00
17,97,81.6,67,59,57.4,54,63,45.9,28,2,0.4,0,28.1,28.1,28.0,0.00
18,96,82.5,68,60,53.9,50,69,40.5,22,7,2.3,0,28.1,28.1,28.0,0.00
19,95,79.4,63,53,44.3,37,60,33.3,13,3,1.4,0,28.1,28.0,28.0,0.00
20,91,68.3,0,49,39.8,0,55,30.3,0,5,1.6,0,28.1,24.5,0.0,0.00
21,91,75.7,59,64,52.6,45,79,49.3,21,2,0.6,0,28.1,28.0,28.0,0.00
22,95,81.0,66,64,56.3,53,83,47.5,24,3,0.9,0,28.1,28.0,28.0,0.00
23,96,83.0,66,61,56.8,52,75,44.5,23,3,1.5,0,28.1,28.0,27.9,0.00
24,98,84.3,69,68,62.0,56,70,50.9,25,2,0.6,0,28.0,27.9,27.9,0.00
25,89,78.4,71,69,65.9,65,93,67.4,45,2,0.3,0,28.0,28.0,27.9,0.08
26,92,83.9,76,73,66.4,63,81,58.1,38,3,1.6,1,28.1,28.0,27.9,0.08
27,90,80.9,72,69,66.3,64,82,63.5,43,2,0.5,0,28.1,28.0,28.0,0.00
28,92,77.9,70,71,67.8,64,91,74.6,39,0,0.0,0,28.1,28.0,28.0,0.03
29,89,76.8,69,76,69.0,64,96,80.2,44,3,0.6,0,28.0,28.0,27.9,0.16
30,95,84.0,71,68,61.3,58,76,49.1,29,3,0.7,0,28.1,28.0,27.9,0.16
31,96,83.7,69,63,60.1,57,79,48.4,29,3,1.1,0,28.1,28.0,28.0,0.00
1,98,83.5,68,65,59.0,50,85,48.5,20,2,0.4,0,28.1,28.0,27.9,0.00
2,99,85.0,67,62,55.3,50,73,42.0,19,2,0.5,0,28.0,28.0,27.9,0.00
3,100,84.6,67,60,55.4,50,68,41.4,18,3,0.8,0,28.0,28.0,27.9,0.00
4,100,86.6,68,62,55.7,48,75,39.6,17,3,0.7,0,28.1,28.0,27.9,0.00
5,101,85.9,69,60,54.0,46,69,38.0,15,3,0.9,0,28.1,28.0,27.9,0.00
6,98,87.2,69,60,54.8,49,71,37.8,19,3,1.6,0,28.1,28.0,27.9,0.00
7,100,82.4,66,62,54.3,46,82,43.6,16,7,1.8,0,28.1,28.0,27.9,0.00
8,95,81.3,68,63,52.6,45,62,40.3,19,4,1.5,0,28.1,28.0,28.0,0.00
9,97,82.8,67,65,53.5,42,66,42.5,15,5,1.1,0,28.1,28.0,27.9,0.00
10,99,84.8,69,65,58.5,48,72,45.5,18,3,0.7,0,28.1,28.0,27.9,0.00
11,100,89.4,80,66,60.3,53,59,40.1,22,3,1.3,0,28.1,28.0,28.0,0.00
12,100,87.0,75,72,62.4,51,78,49.9,19,3,0.9,0,28.1,28.0,27.9,0.01
13,101,88.1,76,72,62.0,45,71,48.3,15,6,1.4,0,28.0,28.0,27.9,0.00
14,100,87.9,73,71,61.5,42,83,48.9,14,5,1.5,0,28.0,28.0,27.9,0.00
15,102,87.9,74,73,66.4,51,79,53.6,21,5,2.5,0,28.1,28.0,27.9,0.00
16,101,76.0,0,72,70.3,68,85,53.9,0,97,13.4,0,28.0,28.0,27.9,0.00
17,100,87.4,73,70,66.1,56,88,54.0,23,5,2.1,0,28.0,28.0,27.9,0.00
18,102,87.7,77,70,65.1,55,75,52.3,21,3,1.4,0,28.0,28.0,27.9,0.00
19,100,86.4,75,69,62.5,56,72,47.8,23,5,1.4,0,28.0,28.0,27.9,0.00
20,101,86.4,72,63,56.5,51,71,39.8,20,3,1.0,0,28.0,28.0,27.9,0.00
21,99,83.0,67,58,52.3,45,66,39.0,18,5,1.5,0,28.0,28.0,27.9,0.00
22,100,86.4,64,70,59.9,50,73,45.9,18,5,1.3,0,28.0,28.0,27.9,0.00
23,99,87.6,76,68,61.3,55,72,44.3,24,5,2.6,0,28.0,27.9,27.9,0.00
24,100,86.8,71,62,58.0,54,57,40.0,22,5,1.9,0,28.0,27.9,27.9,0.00
25,96,84.6,72,65,57.6,45,71,44.0,18,9,4.1,0,28.0,28.0,27.9,0.00
26,100,84.6,68,62,54.4,40,77,40.9,13,5,2.1,0,28.9,28.1,27.9,0.00
27,99,85.4,72,70,62.5,49,75,52.4,22,5,2.3,0,28.1,28.0,27.9,0.00
28,100,88.4,75,71,64.0,53,76,49.8,21,3,0.6,0,28.0,28.0,27.9,0.00
29,102,87.6,79,73,66.4,50,81,54.3,17,7,1.4,0,28.0,28.0,27.9,0.00
30,101,85.9,77,73,67.0,59,80,57.1,24,5,3.1,2,28.0,28.0,27.9,0.00
1,99,82.8,76,73,68.4,60,87,66.1,27,7,2.5,0,28.1,28.0,27.9,0.04
2,100,85.8,74,74,68.0,60,86,59.6,28,3,0.9,0,28.0,27.9,27.9,0.79
3,101,87.5,75,72,63.8,55,84,50.5,22,7,2.5,0,28.0,27.9,27.9,0.00
4,102,86.8,71,64,56.1,48,78,39.5,18,2,1.3,0,28.0,28.0,27.9,0.00
5,103,88.5,68,74,62.9,49,73,47.8,17,5,2.4,0,28.0,27.9,27.9,0.00
6,104,89.6,75,71,61.3,51,79,43.6,18,7,2.1,0,28.0,27.9,27.9,0.00
7,103,88.2,70,65,54.0,44,66,35.6,13,3,1.3,0,28.0,21.7,0.0,0.00
8,101,87.6,73,68,56.6,44,73,42.3,15,6,2.4,0,28.0,27.9,27.9,0.00
9,104,88.6,74,72,63.4,49,82,50.0,16,2,1.3,1,28.0,27.9,27.9,0.00
10,103,89.4,76,69,62.0,54,79,45.3,19,5,2.8,0,28.0,27.9,27.8,0.00
11,99,84.6,74,77,70.9,65,78,64.8,41,6,2.3,0,28.0,28.0,27.9,0.00
12,101,88.6,73,68,58.5,47,80,41.4,16,3,0.9,0,28.0,27.9,27.9,0.00
13,102,87.3,76,71,64.6,58,65,49.8,23,7,2.0,0,28.0,27.9,27.8,0.00
14,100,83.0,72,71,67.0,63,89,62.8,30,3,1.6,0,28.0,27.9,27.9,0.00
15,94,83.1,72,74,71.5,69,88,69.3,45,3,1.3,0,27.9,27.9,27.8,0.39
16,96,85.6,78,80,71.3,64,75,63.4,39,3,1.4,0,28.0,27.9,27.8,0.00
17,100,82.9,76,73,69.4,62,87,67.6,28,12,2.1,0,27.9,27.9,27.8,0.00
18,95,85.0,77,73,69.6,67,79,61.5,39,3,2.0,1,27.9,27.9,27.8,0.12
19,95,84.3,76,73,69.9,67,81,64.1,41,5,3.1,2,27.9,24.4,0.0,0.00
20,96,84.5,74,74,68.1,61,83,61.3,32,6,4.4,3,27.9,27.9,27.8,0.00
21,99,85.8,75,72,66.8,60,81,57.5,28,5,2.9,2,27.9,27.9,27.8,0.00
22,99,86.8,76,71,67.0,61,82,54.8,29,9,4.1,0,27.9,27.9,27.9,0.00
23,103,89.0,73,70,60.8,50,75,44.4,17,6,3.3,0,27.9,27.9,27.9,0.00
24,102,89.0,77,73,66.6,58,79,53.1,23,3,2.4,2,28.0,27.9,27.9,0.00
25,101,89.0,77,73,68.3,63,81,54.0,28,5,3.3,2,28.0,27.9,27.9,0.00
26,98,87.4,78,69,66.4,63,74,52.3,33,7,4.0,1,28.0,27.9,27.9,0.00
27,99,86.1,77,70,62.9,51,79,49.9,21,6,4.3,1,28.0,27.9,27.9,0.00
28,96,85.6,76,70,66.5,62,76,55.4,31,7,5.8,5,27.9,27.9,27.8,0.00
29,96,85.9,77,72,68.6,64,79,58.6,34,9,4.5,2,27.9,27.9,27.9,0.00
30,100,87.4,78,78,70.8,67,99,61.4,34,3,2.0,1,28.0,27.9,27.9,0.00
31,99,85.9,79,71,68.7,65,76,58.9,33,3,2.1,1,28.0,27.9,27.9,0.00
1,82,76.6,72,71,70.5,69,96,81.6,68,2,0.4,0,28.0,28.0,27.9,0.12
2,85,76.9,73,74,72.1,70,98,86.0,61,3,2.0,0,27.9,27.9,27.8,0.16
3,74,73.5,73,72,71.8,71,95,93.9,90,16,7.4,5,27.8,27.7,27.5,1.73
4,78,73.3,70,70,68.3,67,92,84.5,74,3,2.6,0,27.9,27.9,27.8,1.69
5,89,80.4,72,71,68.4,66,88,68.4,46,6,2.5,0,27.9,27.9,27.8,0.28
6,87,79.5,74,71,69.8,66,90,73.1,54,7,2.4,0,27.9,27.9,27.8,0.00
7,90,81.4,74,72,70.3,69,91,70.8,50,9,3.5,0,28.0,27.9,27.8,0.28
8,86,79.4,74,70,68.3,64,85,69.8,51,9,3.5,0,27.9,27.9,27.9,0.01
9,91,80.0,73,76,69.9,66,92,73.3,44,6,3.5,0,27.9,27.9,27.9,0.00
10,87,80.5,73,72,70.5,69,85,72.5,54,14,5.0,3,27.9,27.9,27.8,0.02
11,89,81.0,77,72,70.8,70,84,71.5,54,5,2.5,2,27.9,27.8,27.7,0.04
12,88,80.0,75,72,71.4,70,89,75.6,58,60,9.0,0,27.8,27.7,27.7,0.00
13,85,79.8,76,75,72.5,72,89,79.4,68,3,1.4,0,27.8,27.8,27.7,0.00
14,86,80.5,75,74,72.4,72,90,76.5,62,5,2.3,0,27.8,27.8,27.8,0.02
15,82,78.9,76,76,74.3,73,94,86.0,76,3,1.1,0,27.8,27.8,27.7,0.08
16,85,79.3,76,76,73.4,72,94,82.5,68,3,0.9,0,27.8,27.8,27.7,0.24
17,84,78.4,75,74,72.3,71,98,82.5,65,2,0.6,0,27.8,27.8,27.8,0.02
18,83,77.5,73,74,72.8,72,96,85.9,72,2,0.8,0,27.9,27.8,27.8,0.87
19,87,80.1,76,74,72.4,70,92,77.9,64,5,3.3,1,27.9,27.9,27.8,0.43
20,87,81.0,76,72,70.8,70,83,72.1,59,5,3.3,3,27.9,27.9,27.9,0.00
21,82,77.9,74,72,71.1,69,91,79.6,68,3,1.9,0,27.9,27.9,27.8,0.00
22,86,80.4,74,71,70.1,68,88,71.6,55,5,2.1,0,27.9,27.8,27.8,0.02
23,88,80.3,74,71,69.6,66,88,70.9,55,5,2.1,0,27.9,27.9,27.8,0.00
24,87,79.9,74,74,71.6,69,87,76.4,57,5,2.5,0,27.9,27.9,27.8,0.00
25,93,82.0,73,74,72.3,71,93,73.8,50,5,1.5,0,27.9,27.8,27.8,0.00
26,88,81.0,76,75,73.7,73,94,78.9,61,3,1.3,0,27.9,27.8,27.8,0.04
27,91,82.0,74,73,72.1,70,93,73.1,51,5,1.0,0,27.9,27.9,27.8,0.00
28,91,80.6,77,77,73.5,72,94,79.5,55,2,1.0,0,27.9,27.9,27.8,0.00
29,89,78.9,74,75,73.9,72,99,86.5,57,6,1.5,0,27.9,27.8,27.8,0.55
30,89,80.3,73,75,73.1,71,99,79.4,61,6,2.0,0,27.8,27.8,27.7,2.17
1,87,79.5,75,74,71.8,70,85,76.6,62,5,1.8,0,27.9,27.8,27.8,0.00
2,86,79.9,75,72,71.1,70,85,74.9,62,10,4.1,0,27.8,27.8,27.8,0.20
3,83,78.0,75,72,71.6,71,89,80.4,68,3,1.5,0,27.8,27.8,27.8,0.00
4,84,77.3,73,73,71.5,71,95,83.9,66,6,4.0,2,27.8,27.8,27.7,0.00
5,79,77.0,72,74,71.3,70,93,82.5,78,5,2.0,0,27.8,27.7,27.7,0.28
6,82,78.3,74,73,62.6,0,95,71.1,0,6,2.6,1,27.7,24.2,0.0,0.04
7,81,76.1,73,74,72.8,71,95,88.6,74,2,1.0,0,27.8,27.7,27.0,0.28
8,81,76.9,75,76,74.4,74,96,91.9,85,2,0.5,0,27.9,27.8,27.8,0.55
9,84,77.5,74,74,72.4,71,96,85.4,69,3,1.3,0,27.9,27.8,27.8,0.12
10,84,78.9,74,73,71.9,71,95,79.6,66,5,1.8,0,27.9,27.9,27.8,0.04
11,88,80.0,75,73,71.5,71,90,76.5,58,3,2.4,0,27.9,27.8,27.8,0.04
12,83,78.1,74,72,70.8,70,90,78.1,67,13,2.8,0,27.9,27.9,27.8,0.00
13,84,77.4,74,73,71.0,70,88,80.5,69,3,1.5,0,28.0,27.9,27.8,0.00
14,84,78.4,73,74,71.8,69,91,79.8,65,5,3.6,0,27.9,27.8,27.8,0.08
15,80,77.1,74,73,71.4,69,91,82.8,77,3,2.3,1,27.8,27.8,27.7,0.00
16,80,76.0,74,71,69.4,68,88,80.1,66,3,1.9,1,27.7,27.7,27.7,0.00
17,83,77.5,73,73,71.4,70,90,81.4,69,3,1.3,0,27.8,27.7,27.7,0.00
18,85,78.8,75,73,72.4,72,91,81.3,67,2,0.9,0,27.9,27.8,27.8,0.02
19,88,80.0,75,72,71.8,71,89,76.4,59,7,4.3,0,27.9,27.9,27.8,0.02
20,89,80.6,75,73,71.3,70,89,74.3,56,5,1.9,0,27.9,27.8,27.8,0.00
21,89,80.4,75,73,72.0,71,89,76.0,57,5,1.1,0,27.9,27.9,27.8,0.00
22,87,80.0,75,74,72.4,71,90,78.3,61,3,1.1,0,27.9,27.9,27.8,0.00
23,88,80.1,75,75,72.8,70,98,78.8,61,2,1.0,0,27.9,27.9,27.8,0.04
24,81,74.9,72,74,72.5,71,98,93.1,78,2,0.8,0,27.9,27.9,27.9,0.31
25,87,77.9,71,74,72.0,70,100,83.4,59,3,0.6,0,27.9,27.9,27.8,1.22
26,86,79.3,74,74,71.3,70,96,77.3,61,2,0.9,0,28.0,27.9,27.9,1.46
27,82,77.3,73,72,70.9,70,91,80.5,69,7,2.5,0,28.0,27.9,27.9,0.00
28,83,78.0,74,73,71.5,71,90,80.1,70,3,1.8,1,27.9,27.9,27.8,0.00
29,85,78.5,74,73,71.8,71,91,80.6,66,5,2.3,0,27.9,27.8,27.8,0.00
30,85,79.3,72,74,72.1,70,93,79.6,65,6,1.8,0,27.9,27.8,27.8,0.00
31,90,80.3,75,76,72.3,70,92,78.6,51,2,0.7,0,27.9,27.8,27.8,0.04
